{"cameraMode":{"drawMode":0,"name":"Shaded","section":"Shading Mode"},"sceneLighting":false,"audioPlay":false,"sceneViewState":{"showFog":true,"showMaterialUpdate":false,"showSkybox":true,"showFlares":true,"showImageEffects":true,"showParticleSystems":true},"in2DMode":false,"pivot":{"x":-0.3605470657348633,"y":6.360565185546875,"z":-0.8764896392822266},"rotation":{"x":0.010645623318850994,"y":0.9167534112930298,"z":-0.3985597789287567,"w":0.024495452642440797},"size":14.747525215148926,"orthographic":false}