{"cameraMode":{"drawMode":0,"name":"Shaded","section":"Shading Mode"},"sceneLighting":false,"audioPlay":false,"sceneViewState":{"showFog":true,"showMaterialUpdate":false,"showSkybox":true,"showFlares":true,"showImageEffects":true,"showParticleSystems":true},"in2DMode":false,"pivot":{"x":-0.3605470657348633,"y":6.273065090179443,"z":-0.8764896392822266},"rotation":{"x":0.060948099941015246,"y":-0.9105290174484253,"z":0.14516250789165498,"w":0.3822959363460541},"size":17.063430786132814,"orthographic":false}